Assignment,Exam,outcome,,0.76,1,
0.90,0.5444444,0.700482097282288,,0.700482097,0.760482097,
0.95,0.580645161290323,,,,,
0.85,0.76,final target,,,,
1.00,,,,,,
0.70,,,,,,
0.93,,,,,,
1.00,,,,,,
0.67,,,,,,
0.95,,,,,,
1.00,,,,,,
0.92,,,,,,
1.00,,,,,,
1.00,,,,,,.700482097
0.97,,,,,,
